{"input_weights": [[-0.6967324477145682, 0.5531920869457887, 0.04619060782550166, -0.4705275778586333, 0.9271740558960893, 0.10700025083817044, -0.42545038428484205, 0.3140554087645968, 0.5076384112016665], [0.7614046684920099, 0.9591712518345015, 0.1042056313477091, 0.899193395370429, -0.7103490990021775, 0.14099942319820813, -0.35759859101813163, 0.20284765002872018, -0.985216774325008], [0.9473640958212719, -0.1640391994725241, 0.6409229565416508, 0.713607290850538, 0.667001581860625, 0.7262709599708133, 0.7684177045614751, -0.3587552133817058, 0.18857269843741675]], "output_weights": [[-0.11974474703454331, -0.0741359359828339], [0.9072043041943982, 0.8545316846762484], [0.7422863154601477, 0.13589574744241695], [-0.1699866570210525, -0.9564409061069309], [-0.5147937399113072, 0.8379617853188154], [0.3386221587121022, 1.0115185683404035], [0.3919903999987345, -0.04968228851054493], [0.46417548873509784, 0.16952019957233194], [-0.5290697314496685, -0.3774129209093459]]}