{"input_weights": [[-0.28713076486331146, 0.053499728785503686, -0.13085191777562977, -0.3593577750076471, 0.09330459463722285, -0.5794135036623647, 0.21800961831845256, 0.7047666103241803, -0.13837103131855932], [0.5645116570481079, 0.2044533095007237, -0.9939376469685302, 0.4211137915855798, -0.58285779548001, -0.6482717142799355, 0.1219388141894624, -0.6324271458694608, -0.9826634344291882], [0.7947407534733502, -0.9747986972046323, -0.6698020984476616, 0.8994430752270379, -0.6408182292667859, 0.981590384959871, -0.13451518039224641, -0.28793672638428824, -0.8669738504879072]], "output_weights": [[0.2580558662611878, 0.6446755196003247], [-0.0920618010208869, -0.8670858201106273], [-0.4697916816069796, -0.04867528413273958], [0.04927536168434821, -0.6246752331113041], [0.6037573323972338, -0.1861458192553922], [0.2891549447517119, -0.44770552324943624], [0.7839885323743061, 0.7983545024891945], [-0.8369311520911751, -0.03284306137661619], [0.2164715481413948, 0.01600375680172772]]}