{"input_weights": [[0.7738733501745696, -0.15142085394965354, 0.08330552869242647, -0.9480828187461994, -0.9021821472204659, -0.9114421383420788, -0.4184402771219786, 0.2058583540079688, 0.38942462088301144], [0.088679001201458, 0.910473571088712, 0.2666593879089656, -0.3604418711150479, 0.26943616431641715, 0.12349068482537784, -0.08064795805085101, 0.7476726156894224, -0.3798300496405631], [-0.9801170040629985, 0.932943372739717, 0.7974148764028546, -0.871146230503574, 0.7594586086484485, 0.20002745148659828, -0.6447536305486012, -0.5262932271074632, 0.0632396081284119]], "output_weights": [[0.3199568380902654, 1.2373040309584535], [0.6702178129715122, 0.4356995450063495], [-1.0011037395226652, -1.4095030212742938], [0.6836666847385053, -0.43035089724796444], [1.213957807853997, 0.942962565535696], [0.473288421424817, 0.7726729499034202], [-0.8239793164791148, -0.8524743990734254], [-0.9565367851832799, -0.5321281337446356], [-0.41531440818567716, 1.0249077353013245]]}