{"input_weights": [[0.6267714478712125, -0.6035354085531637, 0.8236220620153525, 0.42294168635465845, -0.2120076981030763, -0.2508269563896093, -0.3524959499374982, 0.45070042010221933, 0.1517164655910317], [-0.6897945125092706, 0.7860125392906132, -0.38324304617882987, -0.5041440696918558, -0.339410993348098, 0.29943696973405665, -0.6440395318687211, -0.7983207497770228, -0.010981860439149838], [0.19934426590857535, 0.10037805734609928, 0.6549429202052897, 0.7275941444228367, 0.6023049072795703, 0.4007705282967311, 0.0764927865266356, -0.33013259393627603, -0.9605321264380176]], "output_weights": [[-0.584698092480441, 0.7773403115701891], [-0.3734361078547561, 0.45946305695897216], [0.9841464801536441, 0.36652936156110694], [-0.14085014493200476, 0.5085305378970499], [-0.0628701666216056, -0.6591722099773363], [0.15995227199232054, -0.741146975910129], [-0.5681509025538303, -0.8739890690747651], [-0.12395743188457997, 0.8435526246776184], [-0.25107768450425816, 0.6793897391875527]]}